filename,bytes,sha256,role,out_of_footprint_convention,emitted_pixels,score_status
gems47-c1-oddstep-channel-d2p8-20261006-bdf4508769c8-finite-mask.tif,152396,e6eea1956b8f76ffef2f4867a6e2ac0bef078c0c61c3711e44eb07e93cb089d0,PRIMARY_H47-C1,"raw zero; internal validity mask marks outside-footprint cells invalid",37654,UNSCORED_RESEARCH_ONLY_NOT_PROMOTED
gems47-h47qc-geothermometer-consensus-n5000-research-only-20261006.tif,241693,3866b60cf91b4f6bff2ef694153550aa97a744a3091a57ef9f83da41e16b91b2,EARLIER_H47-QC_RESEARCH,"all finite; zeros outside footprint; nodata unset",5000,UNSCORED_RESEARCH_ONLY_NOT_PROMOTED
gems47-h48-mscl-apex-192-28124px-20261006T202949Z-allfinite.tif,176159,8ccde09e97c631c9ac5df0d7aed4ee0850ea0480fe3c4c2831d399e05e0e08d5,H48_APEX_PARALLEL_RESEARCH,"all finite; zeros outside footprint; nodata unset",28124,UNSCORED_RESEARCH_ONLY_GATE_CLOSED
gemsdoe47-scarp9-persistence-s2.8-d7.37-b2.tif,316497,f3f840b7880b7540ac6260b6b791ea55b2a875646c28401b01960096dc2da291,SESSION3_SCARP9_RESEARCH,"all finite; zeros outside footprint; nodata unset",37612,UNSCORED_NOT_LATI_VALIDATED_NO_SLOT
gems47-h47gsa-37654px-20261006T153105Z-0c44aea00e-allfinite.tif,245652,7bfc92ac536cf83a5caf24a815353ba151862f5ad2fbec4461b89353bafb3146,PRIOR_H47-GSA,"all finite; zeros outside footprint; nodata unset",37654,UNSCORED
gems47-h47gsa-37654px-20261006T153105Z-0c44aea00e-nan.tif,296722,c11744b1c4c5694c6485a287f7c6391b2da2ddaf2a90df70a63998c8aee57893,PRIOR_H47-GSA_NAN,"NaN outside footprint; nodata=NaN",37654,UNSCORED
gems47-h47maxcov-37654px-20261006T153105Z-fe9598facc-allfinite.tif,304376,fe434e1c784c7f8b21be7933bb89ee289908521c330030218ae77be4c72edb02,PRIOR_H47-MAXCOV,"all finite; zeros outside footprint; nodata unset",37654,UNSCORED
gems47-h47maxcov-37654px-20261006T153105Z-fe9598facc-nan.tif,355846,1c6ff54bbc046371648ce04a7f219c3d47799d0f6137da1284d2708d4348c80a,PRIOR_H47-MAXCOV_NAN,"NaN outside footprint; nodata=NaN",37654,UNSCORED
gems47-h47b-tmiup150-xscale-persist-n18524-research-not-submittable-20261006.tif,1521667,7e5df9d01689e438e8379ebd4763ed803de02e94826f43da37c33c16380d669b,SUPERSEDED_H47-B,"NaN outside footprint; nodata=NaN",18524,UNSCORED_RESEARCH_ONLY_GATE_FAILED
gems47-h47b-single-scale-tmi-up150-400m-d5-n18524-research-only-not-for-submission-20261006-nanoutside.tif,309530,dc71c807fbca2cd398f394bcd91b10ecec6b46fe89c2d61f5b1c058fef672811,H47B_SINGLE_SCALE_NEGATIVE_DIAGNOSTIC,"NaN outside; nodata=NaN; strict local check uses mirrored sample-template mask only",18524,UNSCORED_RESEARCH_ONLY_CONTROL_LOST_TO_RANDOM
gems47-h47b-single-scale-tmi-up150-400m-d5-n18524-research-only-not-for-submission-20261006-allfinite.tif,257898,c640b71c7c57066dd77bbd42fcb6c436d0a8c201de6b0ec1d88ab25976089501,H47B_SINGLE_SCALE_ENCODING_DIAGNOSTIC,"all finite; zeros outside; nodata unset; same positive mask as paired NaN artifact",18524,NOT_SUBMITTABLE_ENCODING_DIAGNOSTIC
gems47-dcat20-annulus-flankprune-n18524-20261006.tif,1552154,0d8ba64c960a3f56720e3f45345e92a554064ae41c8d139c8f2fc224ccef6261,SUPERSEDED_DCAT_DERIVED_SUBSET,"NaN outside footprint; nodata=NaN",18524,UNSCORED_NOT_INDEPENDENT_DETECTOR
gems47-h48-mscl-conf-r1p5-44838px-20261006T201749Z-allfinite.tif,249431,4b06a5cc617d187000ec2cd9e682bb79b36df762f6d34c29b388385772b128f8,H48_FIRST_EMISSION,"all finite; zeros outside footprint; nodata unset",44838,SUPERSEDED_BYTE_IDENTICAL_TO_REJECTED_REPACK
gems47-h48-mscl-conf-r2p5-8176px-20261006T201338Z-allfinite.tif,95223,a2513d169be10adf985fcc93d0b8a0dd9937b4e12f029e4db94f47fc5f18d44c,H48_BUGGY_FIRST_BUILD,"all finite; zeros outside footprint; nodata unset",8176,SUPERSEDED_BUGGY_DO_NOT_QUOTE
gems47-h48-mscl-repack-r1p5-44838px-20261006T203209Z-allfinite.tif,249431,4b06a5cc617d187000ec2cd9e682bb79b36df762f6d34c29b388385772b128f8,H48_REPACK_REJECTED_FOR_NOVELTY,"all finite; zeros outside footprint; nodata unset",44838,RESEARCH_ONLY_NOVELTY_REJECTED
gems47-h47-saf-flank-reoccupation-2000px-20261006T105157Z-0c1c15f859-allfinite.tif,197740,3b3a944018929ba3fc3bd5852bd9907b2da0ea9777fc2cad69f3e682cec4226f,REMOVED_SUPERSEDED,"exploratory: falsified flank arms and the pre-cross-fit H47-GSA build",,NOT_SHIPPED
gems47-h47-saf-flank-reoccupation-2000px-20261006T105157Z-0c1c15f859-nan.tif,248902,92dbc5b97e4e4217b34705958f7925cde8ec619d6d1a4f8c59987e41cb043139,REMOVED_SUPERSEDED,"exploratory: falsified flank arms and the pre-cross-fit H47-GSA build",,NOT_SHIPPED
gems47-h47A-flank-reoccupation-20261006T103141Z-nan.tif,256600,466ddaaef8818e52f63631f5eb03814629a36c369a70f964e5bbc6f75b258343,REMOVED_SUPERSEDED,"exploratory: falsified flank arms and the pre-cross-fit H47-GSA build",,NOT_SHIPPED
gems47-h47A-flank-reoccupation-20261006T103141Z-zeros.tif,205354,c53383ef51504d3e8d15d34d2107855ef5a3ad0441f7078ac8583d12591c2eea,REMOVED_SUPERSEDED,"exploratory: falsified flank arms and the pre-cross-fit H47-GSA build",,NOT_SHIPPED
gems47-h47gsa-geod_shearrate-rad_ThK-thermal_warm_prox-geod_dilaterate-37654px-20261006T114205Z-b03f96ab31-allfinite.tif,223200,9ecbe3e39fa68c2719b17af919cc9c9b824f1e5ceb3c83c93178b1b0e628b424,REMOVED_SUPERSEDED,"exploratory: falsified flank arms and the pre-cross-fit H47-GSA build",,NOT_SHIPPED
gems47-h47gsa-geod_shearrate-rad_ThK-thermal_warm_prox-geod_dilaterate-37654px-20261006T114205Z-b03f96ab31-nan.tif,273494,7fbff85b685261f5a04ae4e0d5c76fbc089542d5dfe476775f94c810194b4105,REMOVED_SUPERSEDED,"exploratory: falsified flank arms and the pre-cross-fit H47-GSA build",,NOT_SHIPPED
