project,site_url,submission_or_label,user_reported_result,evidence_status
GEMSDOE47,https://buffedlizard55-lab.github.io/GEMSDOE47/,gems47-h47gsa-37654px-20261006T153105Z-0c44aea00e-allfinite,UNSCORED,research_only; previous local validator omitted official null/NaN-outside check; zeros outside footprint; organizer acceptance unknown
GEMSDOE47,https://buffedlizard55-lab.github.io/GEMSDOE47/,gems47-h47maxcov-37654px-20261006T153105Z-fe9598facc-allfinite,UNSCORED,research_only; previous local validator omitted official null/NaN-outside check; zeros outside footprint; organizer acceptance unknown
GEMSDOE32,https://buffedlizard55-lab.github.io/GEMSDOE32/,h33-2-b2,0.2778,attribution_conflict
GEMSDOE25,https://buffedlizard55-lab.github.io/GEMSDOE25/,d2.8,0.2600,restored_hash_verified_owner_report
GEMSDOE24,https://buffedlizard55-lab.github.io/GEMSDOE24/,d1.5,0.2477,restored_hash_verified_owner_report
GEMSDOE27,https://buffedlizard55-lab.github.io/GEMSDOE27/,tgc-v2,0.2449,restored_hash_verified_owner_report
19GEMSDOE,https://buffedlizard55-lab.github.io/19GEMSDOE/,h19-5,0.1922,restored_hash_verified_owner_report
19GEMSDOE,https://buffedlizard55-lab.github.io/19GEMSDOE/,h19-4,0.1894,restored_hash_verified_owner_report
16GEMSDOE,https://buffedlizard55-lab.github.io/16GEMSDOE/,h16-1,0.1855,restored_hash_verified_owner_report
GEMSDOE10,https://buffedlizard55-lab.github.io/GEMSDOE10/,h28-ridge,0.1839,restored_hash_verified_owner_report
8GEMSDOE,https://buffedlizard55-lab.github.io/8GEMSDOE/,hedge-v2,0.1563,restored_hash_verified_owner_report
GEMSDOE,https://buffedlizard55-lab.github.io/GEMSDOE/,ens12,0.1563,restored_hash_verified_owner_report
GEMSDOE10,https://buffedlizard55-lab.github.io/GEMSDOE10/,h25-ctx,0.1280,restored_hash_verified_owner_report
13GEMSDOE,https://buffedlizard55-lab.github.io/13GEMSDOE/,r13-lattice,0.0904,restored_hash_verified_owner_report
GEMSDOE9,https://buffedlizard55-lab.github.io/GEMSDOE9/,placeholder,0.0107,restored_hash_verified_owner_report
GEMSDOE,https://buffedlizard55-lab.github.io/GEMSDOE/,gems-submission-20260925T001403Z-7f00890a,0.1563,sibling_repository_record_not_reverified_this_session
6GEMSDOE,https://buffedlizard55-lab.github.io/6GEMSDOE/,gems6_hgb88-topk03_33cec71ff0,0.0286,sibling_repository_record_not_reverified_this_session
GEMSDOE3,https://buffedlizard55-lab.github.io/GEMSDOE3/,pindrop-v4-nodes-20260925T152420Z-f347b70daa,0.1193,sibling_repository_record_not_reverified_this_session
GEMSDOE3,https://buffedlizard55-lab.github.io/GEMSDOE3/,pindrop-v4-discovery-20260925T152423Z-37f9d5b855,0.0830,sibling_repository_record_not_reverified_this_session
GEMSDOE3,https://buffedlizard55-lab.github.io/GEMSDOE3/,pindrop-v4-ridge-20260925T152422Z-4e03fc9705,0.1152,sibling_repository_record_not_reverified_this_session
GEMSDOE2,https://buffedlizard55-lab.github.io/GEMSDOE2/,gemsdoe2-dual-family-union-20260925T160406Z-f68e590f,0.1560,sibling_repository_record_not_reverified_this_session
GEMSDOE4,https://buffedlizard55-lab.github.io/GEMSDOE4/,gems-submission-20260926T163915Z-237f0063,0.0343,sibling_repository_record_not_reverified_this_session
5GEMSDOE,https://buffedlizard55-lab.github.io/5GEMSDOE/,gems-submission-20260926T175114Z-7f00890a,0.1563,sibling_repository_record_not_reverified_this_session
7GEMSDOE,https://buffedlizard55-lab.github.io/7GEMSDOE/,lidarscarp-ridge-top2pct-36c3a3f341c8,0.1461,sibling_repository_record_not_reverified_this_session
GEMSDOE9,https://buffedlizard55-lab.github.io/GEMSDOE9/,2314b599,0.0107,sibling_repository_record_not_reverified_this_session
11GEMSDOE,https://buffedlizard55-lab.github.io/11GEMSDOE/,gems-structural-area06-v1,0.0202,sibling_repository_record_not_reverified_this_session
12GEMSDOE,https://buffedlizard55-lab.github.io/12GEMSDOE/,r7-nms3-dem10-scarp_0c9199f14e62,0.1294,sibling_repository_record_not_reverified_this_session
12GEMSDOE,https://buffedlizard55-lab.github.io/12GEMSDOE/,r7-nms3-dem10-scarp_0c9199f14e62_allfinite,0.1294,sibling_repository_record_not_reverified_this_session
15GEMSDOE,https://buffedlizard55-lab.github.io/15GEMSDOE/,gems-tso1-20260929T005627Z-conj_alteration_mag,0.0782,sibling_repository_record_not_reverified_this_session
14GEMSDOE,https://buffedlizard55-lab.github.io/14GEMSDOE/,GEMS_r5-geom-horse-ensemble_20260929T154852Z_ccbe1de0_site_e96e942f,0.0020,sibling_repository_record_not_reverified_this_session
17GEMSDOE,https://buffedlizard55-lab.github.io/17GEMSDOE/,17GEMSDOE_F-ensemble-2pct_20260930T050626Z,0.0187,sibling_repository_record_not_reverified_this_session
18GEMSDOE,https://buffedlizard55-lab.github.io/18GEMSDOE/,H19-C_20260930T212401Z_c11e495e,0.0297,sibling_repository_record_not_reverified_this_session
GEMSDOE10,https://buffedlizard55-lab.github.io/GEMSDOE10/,h16-continuation-20260927T065521077735Z-3431b83c7c,0.0461,sibling_repository_record_not_reverified_this_session
GEMSDOE10,https://buffedlizard55-lab.github.io/GEMSDOE10/,h20-dem10-scarp-thin-20260927T155223039488Z-ffc91a1686,0.0921,sibling_repository_record_not_reverified_this_session
16GEMSDOE,https://buffedlizard55-lab.github.io/16GEMSDOE/,h18-3a-dti-optimal-emission-6pct-20261002-e2ec4b49-nan,0.0976,sibling_repository_record_not_reverified_this_session
16GEMSDOE,https://buffedlizard55-lab.github.io/16GEMSDOE/,h18-4-usgs-geologic-map-faults-gap-20260930-aef8f42c-nan,0.0360,sibling_repository_record_not_reverified_this_session
20GEMSDOE,https://buffedlizard55-lab.github.io/20GEMSDOE/,h20-1-sarnnpu-powerlaw-pi0363-tilt-wingcrack-20260930-be0e8f6b-nan,0.1890,sibling_repository_record_not_reverified_this_session
20GEMSDOE,https://buffedlizard55-lab.github.io/20GEMSDOE/,h20-5-continuous-pu-proxy-unverified-20260930-824ce73a-nan,0.1859,sibling_repository_record_not_reverified_this_session
GEMSDOE22,https://buffedlizard55-lab.github.io/GEMSDOE22/,h23-a-dti-optimal-emission-6pct-20261002-e2ec4b49-nan,0.1002,sibling_repository_record_not_reverified_this_session
GEMSDOE22,https://buffedlizard55-lab.github.io/GEMSDOE22/,h23-b-dti-optimal-emission-10pct-20261002-86176698-nan,0.0748,sibling_repository_record_not_reverified_this_session
GEMSDOE23,https://buffedlizard55-lab.github.io/GEMSDOE23/,h30-arrangement-matched-habitat-20261002-0d4e02e8-nan,0.1352,sibling_repository_record_not_reverified_this_session
GEMSDOE26,https://buffedlizard55-lab.github.io/GEMSDOE26/,dilcond-oof-v1-20261003-47629f496133-nan,0.1223,sibling_repository_record_not_reverified_this_session
GEMSDOE28,https://buffedlizard55-lab.github.io/GEMSDOE28/,h27-4-r1-solo-d2-8-20261003-8acb75e1f2cc-nan,0.2708,sibling_repository_record_not_reverified_this_session
GEMSDOE28,https://buffedlizard55-lab.github.io/GEMSDOE28/,h32-1-prethin-tip-euler-d2-8-20261003-31e35eee884e-nan,0.2649,sibling_repository_record_not_reverified_this_session
GEMSDOE29,https://buffedlizard55-lab.github.io/GEMSDOE29/,efd28-repro-20261003-1cc7dc534d51-nan,0.2600,sibling_repository_record_not_reverified_this_session
GEMSDOE29,https://buffedlizard55-lab.github.io/GEMSDOE29/,repo-c0-habitat-emission-20261003-a4d439b07426-nan,0.0041,sibling_repository_record_not_reverified_this_session
GEMSDOE30,https://buffedlizard55-lab.github.io/GEMSDOE30/,d28-poisson300m-offcat-44090-20261003T233156Z-91eae1ca,0.2600,sibling_repository_record_not_reverified_this_session
GEMSDOE31,https://buffedlizard55-lab.github.io/GEMSDOE31/,h27-4-solo-d28-20261004-8acb75e1-nan,0.2708,sibling_repository_record_not_reverified_this_session
GEMSDOE33,https://buffedlizard55-lab.github.io/GEMSDOE33/,h33d-analog-tip-stepover-r30-20261004-cb490425926e,0.2632,sibling_repository_record_not_reverified_this_session
GEMSDOE34,https://buffedlizard55-lab.github.io/GEMSDOE34/,h34-scatter-q50-arr-matched-20261004T223317Z,0.0778,sibling_repository_record_not_reverified_this_session
GEMSDOE35,https://buffedlizard55-lab.github.io/GEMSDOE35/,h35-06-aaa86efb25-20261004T225420098147Z-candidate,0.0418,sibling_repository_record_not_reverified_this_session
GEMSDOE28,https://buffedlizard55-lab.github.io/GEMSDOE28/,h36-1-rung30-blind-r1-20261003-b531dae0a36f-nan,not_reported,sibling_repository_record_not_reverified_this_session
GEMSDOE28,https://buffedlizard55-lab.github.io/GEMSDOE28/,h38-1-hf-euler-r30-r1-20261003-56a9f473edc7-nan,not_reported,sibling_repository_record_not_reverified_this_session
GEMSDOE29,https://buffedlizard55-lab.github.io/GEMSDOE29/,sgmc-off-catalogue-44k-20261003-c8dcd780e3fd-nan,not_reported,sibling_repository_record_not_reverified_this_session
GEMSDOE29,https://buffedlizard55-lab.github.io/GEMSDOE29/,wormrank-d28-20261003-59dcaf6dd11d-zeros,zero_status,sibling_repository_record_not_reverified_this_session
GEMSDOE29,https://buffedlizard55-lab.github.io/GEMSDOE29/,wormsurv-filter-20261003-921f10960d6e-zeros,zero_status,sibling_repository_record_not_reverified_this_session
GEMSDOE29,https://buffedlizard55-lab.github.io/GEMSDOE29/,xfit-c0-habitat-20261003-ca879db0089a-zeros,zero_status,sibling_repository_record_not_reverified_this_session
GEMSDOE29,https://buffedlizard55-lab.github.io/GEMSDOE29/,xfit-h41-union-qfaults-20261003-9edb34b99e3a-zeros,zero_status,sibling_repository_record_not_reverified_this_session
GEMSDOE36,https://buffedlizard55-lab.github.io/GEMSDOE36/,anderson-geothermal-pinn-38854-20261004T230000Z-9b9ea4e6-zeros,not_reported,sibling_repository_record_not_reverified_this_session
GEMSDOE37,https://buffedlizard55-lab.github.io/GEMSDOE37/,h6-physics-dotted-80k-20261005T055000Z-0bef9211631c,not_reported,sibling_repository_record_not_reverified_this_session
GEMSDOE38,https://buffedlizard55-lab.github.io/GEMSDOE38/,D-step-3p0-07pct-tipProt-20261005-ecfbf59e2b48-zero,not_reported,sibling_repository_record_not_reverified_this_session
GEMSDOE39,https://buffedlizard55-lab.github.io/GEMSDOE39/,h40-e-disc-h40e-30k-zeros,not_reported,sibling_repository_record_not_reverified_this_session
GEMSDOE40,https://buffedlizard55-lab.github.io/GEMSDOE40/,no_submission_result_listed,not_reported,sibling_repository_record_not_reverified_this_session
